different_bits,count
94,1
95,1
96,5
97,5
98,6
99,11
100,6
101,20
102,27
103,31
104,49
105,63
106,109
107,145
108,219
109,301
110,389
111,519
112,681
113,853
114,1024
115,1345
116,1656
117,1911
118,2316
119,2718
120,3023
121,3361
122,3726
123,4104
124,4379
125,4595
126,4917
127,5031
128,4918
129,5021
130,4837
131,4607
132,4396
133,4199
134,3764
135,3240
136,3063
137,2636
138,2223
139,1973
140,1608
141,1363
142,1079
143,934
144,658
145,483
146,402
147,307
148,228
149,159
150,114
151,73
152,51
153,42
154,26
155,19
156,13
157,3
158,5
159,8
161,1
