bytes,lines,average_us,minimum_us,maximum_us
85,1,1675.8748,1549.833,1784.916
170,2,1614.15,1571.458,1659.875
340,4,1570.2332000000001,1524.0,1593.666
680,8,1532.9082,1469.667,1614.25
1360,16,1605.5252,1571.666,1648.292
2720,32,1605.9914,1564.583,1635.041
5440,64,1795.7916,1753.291,1836.792
10880,128,2132.4582,2095.333,2194.333
21760,256,2798.2586,2744.709,2856.584
43520,512,4194.258400000001,4058.666,4413.25
87040,1024,6960.149799999999,6809.958,7087.083
174080,2048,12746.4,12401.417,13133.166
174080,2048,12822.4082,12619.5,12998.75
